https://www.facebook.com/C2MDV/?rc=p,3695bae5c6570d6d784bb3d64d112764
http://www.kycohio.org/,595bbc41e1149e554fb7f4e3b3ed9189
http://www.10000degrees.org/,9fe3cb2b7313dc79bb477bc8fde184a7
http://www.100collegeprep.org,a45fc8a675a2b6206ff09bc80b36cf61
https://18percent.org/,ecaff675ba33d2af16900797b7c498f0
http://1951coffee.com/,193e2bc98c9d739d3be37302ff5eaf80
https://www.1kproject.org/,0dcc7ace4189fee56ff9536a73764992
http://www.ab.211.ca,9fe3cb2b7313dc79bb477bc8fde184a7
https://www.211la.org/,705823a56770339abd3106cc4589feba
http://www.3winsfitness.com,6ea1a341f3b1591fdf178d48adc8c738
https://30thstreetseniorcenter.org/,8e6a738c08d6d412f66820737405ca72
http://4h.ucanr.edu/,0c85f9e295a3e2db5e895564fad167d4
http://www.510families.com/,9fe3cb2b7313dc79bb477bc8fde184a7
http://511.org,8b496bd8af7bf31d85280aa7b10afbfd
http://sequoiastrong.org/,90502acb29b8069d188b81d98d4c5cdd
http://www.826valencia.org,5da9803b4334e7115fa56c1adef2e658
http://826la.org/,e6a833ea9d00ced4a81968a614031fb3
http://www.9dots.org/,4f20b85ce5ebf225720e040314a7966a
http://www.ablphss.org/,b17972457b40ee360f5fa5b40dd30aa4
https://www.abetterwayinc.net,c35b54276e6e8e76718f98951cf0f792
http://www.acaringmindinc.com/,19bd066491bd3ea1c2d0257ed6a87271
http://www.homeaway.org,a7fe045a95505713caa09a6cf10f9ccd
http://ahomewithin.org/,9fe3cb2b7313dc79bb477bc8fde184a7
http://www.alightofhopescv.org,d544bfff3015cb2ada3fcc83d5d49329
http://www.anewwayoflife.org/,197f66d8157e3825df0096ed26b147a8
https://www.ap2l.org/,58f448374e0256a48cd3e65b0fd5465a
https://www.asafeplace.org/,f68648606d796d04214db39cd1fef080
https://www.avadulted.org/about/community-resources,4f20b85ce5ebf225720e040314a7966a
http://www.astepintherightdirection.org,4f20b85ce5ebf225720e040314a7966a
http://www.atozroyalmedicalsupply.com/,32dab164815904a62bf1dd56d5495461
http://avisionofhealth.org/,37f70b68f8ac5015a0e1d935d4ba04de
http://www.catsinc.org,a870a3051e0699482b20d255496e7ac9
http://www.atexfun.com/,dc31f02403cb31603d26447edca41349
http://www.aprisf.org,61daf51e4c85ec78af4c448fd11c900a
https://aa-san-mateo.org/,7675bc61a0817bc42c2cea1a22e8d121
https://www.blackinfantsandfamilies.org/dph_doulas,ce6c15a74bdc9c9774f224dbe534ff40
https://www.abcadultschool.edu/,e99c7b213ac7d8111f0d52760efd3d06
https://www.abcusd.us/,dcdc4f389ab3c4adea35c00e63f7ed58
http://www.abilitiesunited.org/,9fe3cb2b7313dc79bb477bc8fde184a7
http://www.abilityfirst.org,9fe3cb2b7313dc79bb477bc8fde184a7
http://www.able.is/,bf626cff20b17a62a95bcdc17e4d4e00
http://www.abodecommunities.org,a2911142a032d5992d33ffb8c41e73ba
http://www.abodeservices.org/,1bb56835bbdc43acaa2837832914cc46
http://www.actransit.org/,987ba4d76b10ab10d8efeebcd3726db4
https://www.academyprepjuniorhigh.org/about,4f20b85ce5ebf225720e040314a7966a
http://www.acalanes.k12.ca.us/adulted,8979d19bcbffa8740b03ff9b105ed1e6
https://www.acalanes.k12.ca.us/,cf71bbc1920e28496d82c3ea0163d605
https://accessla.org/home/,b5f7148b5e467e3587affb143c7c8ef0
http://access-adventure.org/,f92f151e81ed157bbbddc711df3c6f46
http://accessalameda.com/,c6da8c65529cd1619f24a62a1d87931a
https://accessalliance.ca/,3846bcadf07ce828d8b790c6aa77675c
http://www.accesscal.org/,4822611628f88b4309f2ec9ed39c9e9a
http://www.accessinst.org,ce1afb847bebfe95eb45bdf398a27fe5
http://accessla.org,10e87e3e7452882c2d64bb64166cdb0b
http://accessmatters.org,4f20b85ce5ebf225720e040314a7966a
http://www.acapsfbayarea.org/,d3e600206c230ad2cc62410e04902c35
http://achievekids.org/,b64e9f4e30fc4c43eeaba6d24f7bd0bd
https://www.aclusocal.org/,ebb9f099b045db6d1e7818678b4f047e
https://computer-technology-schools.cmac.ws/acorn-computer-learning-center/934/,eb2282f34a4e325e72cf82173680246e
http://www.acornclinic.org,f003d0bc970758a7eadc98499151e0cd
http://www.acrosports.org/,0415387cccee67592824e4e2ae4f757e
http://anvfarm.org/,4f20b85ce5ebf225720e040314a7966a
http://www.actcm.edu,9fe3cb2b7313dc79bb477bc8fde184a7
https://www.actiondrugrehab.com,cb095a98e19737f10fff7b9674e67a0a
http://www.agirmontreal.org/,90d36092dfbb7f0a907ad3f9ad9f6ef8
https://srcity.org/559/Active-Adults,dd049d4da659b6be5e7ef1fae08c1270
http://www.actorsfund.org/,dabe57f15130e4794ae42f43826d2ebb
http://www.actsfullgospel.org/,df5344c0f7f6cd122c26db17d4a9b557
http://www.lgbt-ada.org/adaenglishmenu02.html,d57575b1c793db561bdaefc73d01ff25
https://www.alc-ca.org,4f20b85ce5ebf225720e040314a7966a
http://www.acf.hhs.gov/,3ec698b921ae194655592c275fa5f067
http://www.acs-teens.org/,c290a7539f446d2e17467aea5d578650
https://www.gottliebfoundation.org/,8da248d60488f097c382a4ed94040582
http://www.adoptafamily.org,46e9d30b83d58367d77b4756221873fc
http://www.adoptinter.org/,eef7bb3f0b641b7747653eecb567ed2d
http://www.adoptionconnection.org,4f20b85ce5ebf225720e040314a7966a
http://www.adoption-horizons.org/,f5fa3cdb2ee70ac386990089f4091c0c
http://www.adoptuskids.org/,2f2a12cd234a457e752bd246db2d0078
http://www.adultdaycc.org/,3cef080eb38d4060a090562f0b7ac4a8
http://www.advancingjustice-la.org,4f20b85ce5ebf225720e040314a7966a
http://www.adventgm.org/,f44c15320ad673641af301cd529e5978
https://www.adventisthealth.org,7de53d2ceda6aaa6410d54c0ef05bff4
https://www.adventisthealth.org/white-memorial/pages/default.aspx,1efe7497e9e05c54da40146b4f5aa1fe
https://www.adventisthealth.org/glendale/,75b1658ff77215ebe25c446fa2d267ae
http://affectingchangeinc.org/program-welfare-to-work/,a30c1ce84b400e267abbba58eff46ac1
https://affinity95.org,590a4affe3f553e43682025cb7b62416
http://www.affirmedhousing.com/,31997d654a7a67001908f1de7b736e41
http://www.alaseniorliving.org,205cd3588361cb8c807475701a7bb7cb
http://www.afghancoalition.org/,9503c008bb3199a776e0757f32d1a756
http://www.aansf.org/,7f3b31ad8da4e16de2b01c8ff0bbf738
http://www.sjaacsa.com/,8ee95f5c475aa767d12bf4013c9b8a25
http://africanamericanculturalcenter-la.org/,b3b8ca08ddb5e78f7c02ceea6a7c5a02
http://www.acanaus.org,2bbea74d34bfdfd0cb995f341e8a421a
https://www.afriquehope.org,e3ae53c71898341ea97873cd66d5665b
http://www.afsusa.org/san-francisco-bay/,4f20b85ce5ebf225720e040314a7966a
http://www.afterschoolnapavalley.org,770d8c258139b8b3ee82fd74aba7c185
http://www.afterschoolallstars.org,9fe3cb2b7313dc79bb477bc8fde184a7
http://www.agapebfm.net/,45435aa480cddf1dcfeeaaf3b527f80a
https://www.agewellseniorservices.org,321fba0818166d40e0c9695d6102a528
http://www.apd.myflorida.com,e53e9afbc24be784cd5ab02a0715c8ad
http://www.sfaguilas.org/,a0765f86f6114ee4797027811c672131
http://www.aidshealth.org,4f20b85ce5ebf225720e040314a7966a
https://www.ahrcnyc.org/,f018aa2908dc3c0eea610672c8cd5fe9
https://www.phila.gov/departments/department-of-public-health,3f5c517571abff85ce12b03ab7657ae6
https://www.acns.ns.ca,4f20b85ce5ebf225720e040314a7966a
http://acnl.net,4f20b85ce5ebf225720e040314a7966a
http://www.acrc.org/,ebb757ebcfa7aa17025e275de50fab2e
http://www.aidslawpa.org/,9fe3cb2b7313dc79bb477bc8fde184a7
http://www.alrp.org/,67f01dcfc397f44c495dfefeb687eb02
http://www.aidsnb.com/,f09eab5a5dedcb114023542b66e270b9
http://www.aimhigh.org,9fe3cb2b7313dc79bb477bc8fde184a7
http://thewordgapapp.com/,ff8c60a0a4635e4d5eb84af453888907
https://alotrolado.org,d150e39d9782a0bfff4a8c44a188e33c
http://www.wootencenter.org/,f9d48376188104764245f55ca0176074
http://www.ncwsa.org/,ec8d3d124b89bb8882f1a6aa42058fe0
https://alanonla.org,049ad638d20186a9e459d904b0ee1e97
http://www.al-anonsf.org/,37f8031aa686458fc05232386f608f25
http://www.scv-afg.org,4574d74d8b2aceefacccba26f5a3c628
http://www.alacostacenters.org/index.php,82cf2ee756214e5474086491c7ddf81c
http://www.alachuacounty.us/Depts/CSS/CrisisCenter/Pages/CrisisCenter.aspx,917f350e84369458b772797b1f8d9816
http://www.alachuacounty.us/depts/css/socialservices/pages/socialservices.aspx,58d6b19d8368f8e201dbe1d4684f60a2
http://www.acha-fl.com,192f0bb047285e2e67108e8674d2e000
http://www.alachuahumane.org,bc3ae0d03ac2ea732c0f9366c16553d9
http://www.alachuahumane.org/thrift-store/,a2bddf49670899e1ae8090a20087832b
http://www.alachuacounty.us/depts/em/pages/em.aspx,a4c1a78453ecba685522a168bee8ae24
https://www.sbac.edu/domain/37,f67539512b686d174f413f5ee36a4999
http://www.votealachua.com/,2355cc39a4939cd97bf82815c0838c4b
http://www.alachuacounty.us/Depts/CSS/Veterans/Pages/VeteransServices.aspx,ac9ec2c1f4e425ad179094a2826d9c0b
http://www.alachuacounty.us/depts/css/victimservices/pages/victimservices.aspx,2c4603b98800b89da89fe50c16d14cd5
https://www.alachuahabitat.org/critical-home-repair,ca2cfb125de23ebec9b3a6eda5250536
http://www.alameda-adult-school.org,4f20b85ce5ebf225720e040314a7966a
https://www.alamedaalliance.org/,a902e9190ec443f1bfa538b5b4456637
http://alameda.peralta.edu/one-stop-career-center/,c4474f27518c75cc64fce7f9a4cba392
http://acgov.org/auditor/,f28a0c1b8f3668d498f977c3ac21d51a
http://www.acbhcs.org,bb9a61437516f140583dc50526a7df4a
http://www.casaofalamedacounty.org,bb8f534fbff5ee61a95af9c4740ae043
http://accipp.org,1a42790ba366cfb5f572f810ce2412b9
http://www.accfb.org/,9fe3cb2b7313dc79bb477bc8fde184a7
http://www.alameda.courts.ca.gov/Pages.aspx/Representing-Yourself,22d6fb584c2f6e1b88a797bc0ae379c7
http://www.acdsal.org/,b1776277cc181a29e98f55023c9d850c
http://www.alcoda.org/,56fedeebc682c84f1cd0016f705b6a68
http://www.acfjc.org,0d125ef915a7f667d087a67dd95e0d3c
http://www.achch.org/,ec197614e56dbc428b81b005585c2a67
https://www.acgov.org/health/,d257da3196eb835b77cde5799067ef88
http://www.achhd.org/,0ec98e533fad36c514a617e11f5ea3dc
http://www.achhd.org,0ec98e533fad36c514a617e11f5ea3dc
http://www.acgov.org/cda/hcd/,bd5ed5f76d281bd9804961e5de02924b
http://www.alamedacountyilsp.org/,4f20b85ce5ebf225720e040314a7966a
http://lawlibrary.acgov.org/,9fe3cb2b7313dc79bb477bc8fde184a7
http://www.aclibrary.org,2ef82b1a378835358b75591076c7313d
http://www.acoe.org/,de63a10f7484efe26303978cde11cfa3
http://www.co.alameda.ca.us/defender/,8a1755d4028bebb88aa39ac7a4fdaf37
http://www.acphd.org/,e29692886e15652301aea5e947e40313
http://www.acsbdc.org/,eef51564655bfc039181156b8ae10c4c
http://www.alamedasocialservices.org/,caad0260f84f913690744995b34f133f
http://www.alamedactc.org/,b1f2b2604506edc58ac42d2b394c84b9
http://www.alamedasocialservices.org/public/services/veterans_services/index.cfm,521322921bf97e697cbe76a9176ccd69
https://www.alamedafs.org/,2b24747434d8a3cc5dc8ff9839cae159
http://alamedaca.gov/fire,ae9bd9fbe76dedca572123d08f2d81a3
http://www.alamedafoodbank.org,5deaec1ffd82d9d14efad4ce1b866a0a
http://alamedaca.gov/library,4d162414a8bd9b79bc933d1e51a6a530
http://www.alamedahealthconsortium.org,9fe3cb2b7313dc79bb477bc8fde184a7
http://www.alamedahealthsystem.org,c218249e3407fcfe61def213c184707c
http://www.alamedamp.com/,717441631436fe218a2a966bb80a0386
http://www.alameda.k12.ca.us,4f20b85ce5ebf225720e040314a7966a
https://www.alanosj.org/,6e7e691eb7bd608f7b03812fe8d63d83
http://www.al-anon.org/for-alateen,d19e316f68e658411ed6f64b3f7987af
https://www.ausdk12.org/,279fbe855391853ef7752312a025087d
http://www.adaccc.com/,7385f8c24059ad6c9b0f9cd05671589b
http://www.eastbayaa.org/,591964b4af192dcc54dfa5e11b0878ed
https://hacoaa.org/,f39cfc79bbf48c0e67a948a3354809fc
http://aagainesville.org/,8f4cedd4de819e697569bfdf36697de4
https://www.aasanjose.org/,e485fbf40ac4712f8bfcce5f6de6bc9d
http://www.alcottcenter.org,a9cef8d3ab93d0ea21adb5ba4dff7134
https://www.aldeainc.org/,da63abddf9e09ebce3c9e453ad5a6c38
http://www.alegriacl.org/,2b96622d80e8e7f3859421f2e4bc8528
http://www.alexandriahouse.org/,9a5693900e7080523b249702827d73f9
https://alhambralibrary.org/,8e6952bfa6228fd8a6308c579b280651
https://www.aliforneycenter.org,4f20b85ce5ebf225720e040314a7966a
https://www.vic-la.org/abd?p=1,a9ad3c0da100768ff9faa7190c67ff66
http://www.allcareone.org,0d75856fc9fe167d805137ed4d3bcbf4
http://www.allfive.org,fcbd9f9627315926d0f12995ef03ab73
http://www.all4health.org,6c02bafe64c43fbb3a6ed5a93405a43c
https://allpeoplescc.org/,a1eac5181caec92e57fb01a753a6aab3
https://www.allsaintsla.net/,72c53e64cf91e081a36eca441656fec8
http://saintsalive.net/social-ministries/,3c523761d0a58739d46181c904fcc3d5
http://allsaintssf.org/,99b28d0b8ff88efa68d6aa954e60efa7
http://www.allsoulsparish.org/,1edb0f19b1c05950b003d641fae380f7
https://allstars.org/locations/sfbayarea/,a838021abe0210098bb7881847c09352
https://www.allebt.com/,4f20b85ce5ebf225720e040314a7966a
https://www.allen-temple.org/,83f5b7b11af548eef62566c969628902
http://www.laalliance.org,fa0a588f1b3dda444b5a97a7ead7f77d
http://www.kids-alliance.org,62d27b62b07fcc576cfb2503a53585e9
http://www.alliancemed.org/,fb04a2217198865fbc45d55bf03f7d47
http://www.acceaction.org,e17293069f04d5cade13ed75cd68dcdf
https://allianceofrelativecaregivers.org/,2b46d3d4a8cd46d11d2b8369e48562b3
http://www.almafamilyservices.org,8cf3dfe7835ae6bd59e7e4634fc2d089
https://www.sanjoseca.gov/Facilities/Facility/Details/Alma-Community-Center-280,8dc7904c7880674e8b33dd9c1face423
https://www.sanjoseca.gov/your-government/departments/parks-recreation-neighborhood-services,8a9caa2f6aaf588ec44ae0afba924f1c
http://www.almadenschool.com/,69f2a3881b0daae87df4a590bde9d33e
http://www.avcounseling.org,df0d78e6d15da57f5156b82a71756743
https://alondracoc.org,02a0c4e23474b566946ca705634307db
http://www.alpertjcc.org/,b7462d6df0e5d10e4b507813e0854d85
http://www.alphapc.org/,fd93133487521d7244bda8b17e58a6b9
https://www.supportalphaclinics.org/,8dbcd36ed7293386144aa253ab0c8166
http://www.alphapublicschools.org/,9fe3cb2b7313dc79bb477bc8fde184a7
https://www.sutterhealth.org/,55008843d1a580bcaf22e513fdea2823
https://www.altaregional.org/,352e01d2cb165f8d0ee27536809441ff
http://www.altamed.org/,a91b7ec31e0926ec057264593f4f4397
http://www.altadenarecoverycenter.org/,cc61b02731a9b0cb788dcc14aa5ca9c0
https://www.afs4kids.org/,afcd7c1524cce6bd86ff7bf1b5997f8d
http://www.a4bl.org,3d5927180856eb6deed1bdd5e20765b8
http://www.alternativesinaction.org,d0c1eef6ecc491b254d58573d1961197
https://alto.com/,c01f3b3b16d97280476bc5b26a1f288e
http://gainesville.altrusa.org/Who-We-Are/Welcome-Message.aspx,5f824731e5165cf2da48c61df1fc850c
http://www.alumrockcc.org/,3e805d8a581365e087e27ca8c29d9899
https://www.sanjoseca.gov/Facilities/Facility/Details/Alviso-Youth-Center-285,aea3379914a1d4b369d522da707f7775
http://www.alz.org/norcal,8de60f17b306b6161a64b8f8650edb0c
http://www.alz.org/,cea82447886520f19bb47d3e4a8d8189
https://www.alz.org/socal,11143a6f98122199a5c98eeee394d428
http://www.alz.org/cnfl,e708e78a844269e4eb76e02f7badc10c
http://aseb.org,e2cf710a44a5c8086e86afd85c718098
https://www.amanecerla.org,76d37646236cc4cd072a85c11c4fffb1
http://www.ahoproject.org/,b4ec06bb6d58a162d3f752e9141c5c7e
https://www.americascoresbayarea.org/,05288b766ab4da6eb84c63cf537768ca
http://americaworks.com/california/,b344966f14a5d3afcd7a1c4a9e13f2cc
http://americaworks.com/,12132bfa5c1360770bec84d1414ecd34
https://edd.ca.gov/Office_Locator/,520199cdff1eba3f7369f6c3a7ffda35
http://www.americanbonehealth.org/,6ec3a366e743f0f3dfe5c899205b3b73
http://www.cancer.org/,1c055e51b9275a62117d609c8a8c5d3a
https://www.cityofamericancanyon.org/government/recreation,58241c186dc67e28bc76ef4b27a5fc0e
http://www.acs.org/,961a8f96407243c6c517418e272a9b69
https://www.aclunc.org/,08cc93b158f925e0a4c0da420dabbd67
http://www.consumercredit.com/,2aa11ab87b7ac9d31acbc9e80edb7289
https://www.diabetes.org/community/local-offices/southern-california-nevada,238dbb1efba75ca9136031f3b3dd20e0
https://afsp.org/,748a64a100aad820b3435134bd9cb12c
https://www.heart.org/,2c6aa504b440871b5040af8f5322a972
http://www.heart.org/HEARTORG/Affiliate/San+Jose/California/Home_UCM_WSA024_AffiliatePage.jsp,c11668eda762ee64d2a85c25d9ed5047
http://www.aila.org/about/immigration-lawyer-search,9d7858de4d607ebf195f245bc6c2ff8f
http://www.americanindianchangingspirits.org/,d84e5f38bdf900b2d93bdebeb92a3475
http://www.aicrc.org,0157163c506eb116313762c9596cc832
https://www.legion.org/,1d18e9eefffea7aadb621ea76cec0ed8
https://liverfoundation.org/,afb990d8cc27520442d86b221eed4767
http://www.lung.org/about-us/local-associations/california.html?,4f20b85ce5ebf225720e040314a7966a
https://www.apa.org/,06a38de89a03f918ae3d3738d166c49d
https://www.redcross.org/local/california/northern-california-coastal/about-us/locations/bay-area.html,dd37d1fa9c56de4f7f31b4d78c387850
http://asja.org/,4f20b85ce5ebf225720e040314a7966a
http://www.aijustice.org,227a6032e3b561c48f515d3b5c8619ab
https://www.nationalservice.gov/programs/americorps/americorps-programs,132bdb23b52d2bbc58b8f4f8a1abb0ca
https://www.nationalservice.gov/programs/americorps/americorps-programs/americorps-nccc,01acc0ad1107434954bb044157caa097
https://www.nationalservice.gov/programs/americorps/americorps-state-national/become-member,bf834425bab64aec4bdef9353bc8b7ab
https://www.nationalservice.gov/programs/americorps/americorps-programs/americorps-vista,dd2ae316dfa8a8518eb327e223344954
http://www.amigoscenter.com,8d85df16ced80502c796649e4c806d31
http://www.ampleharvest.org/,4f20b85ce5ebf225720e040314a7966a
http://www.elderlywish.org/,1d50727c9a4875c59200928cc59d7403
https://foodoasis.la/food-pantry/ananda-marga-of-l-a-inc-/,4f20b85ce5ebf225720e040314a7966a
http://www.anchorhouseartists.org,a1349995d17784db8d09a1b462c17a9d
http://www.anewamerica.org/,800747f21549e34d11d0686c6197310b
http://www.angelstepinn.org/,ee26cd72fba7c4e9514666f3e07a3a2a
https://www.facebook.com/angelicalutheranchurch/,4c759005e89d202f9aa7750b7e5d2591
https://www.angelshospice.org/,731fab5fae75fff490bd7c465d1130e5
http://www.angelswayhome.com,802661a20e402675f4462b5a6ba60404
http://www.angelswhocare.org/,ebd26bdd4f6a7ad1b8562f32b85ac72c
http://www.angercure.org,5b2af9e0ab2c1c0b55e4fde4f5e568be
https://www.facebook.com/ankabehavioralhealth/,453e8f0d70c42a7bc5e07660b14f6ed9
http://ankors.bc.ca,2038b88f19b6d79816eb130378737dbc
http://www.ci.berkeley.ca.us/Ann_Chandler_Public_Health_Center/,1ec89cb5b00418a66871d21cea135216
https://annunciationhouse.org,296c2e25f61306b5721b8831660c1899
http://www.anad.org/,c986c52096029f8627cfb3e0b253788c
https://www.avadulted.org/,4f20b85ce5ebf225720e040314a7966a
http://www.avadult.org/,4f20b85ce5ebf225720e040314a7966a
https://www.avc.edu/,c55e38cc8a85f553a17263eda5dc5e5a
http://www.addicted.org/directory/item/antelope-valley-council-on-alcoholism-and-drug-dependency-2-2.html,e0ee732eeafb52ded1b33a9494809443
https://www.avdreamcenter.org/,166aebac3c20329b4d05d1706ebabe2d
http://www.ymcala.org/antelope-valley,b900ec2fd866895c03bf4c705c351f42
http://www.avph.org,f0e1cf724e234b1f5fff4c9574720861
http://www.avspecialed.com,bda73ee990b3fb73adaad3cc095ceade
http://www.avta.com/,f1e7b7d1430ce7023f950f7ea74b170b
http://www.avdistrict.org/,4f20b85ce5ebf225720e040314a7966a
http://avwic.com,e42864b9cc6a6d8403bf09866fd4a56f
https://mss.anthem.com/ca/pages/medi-cal.aspx,2da360a9a876f0fda799498cdc3d3c1c
http://www.anthemchurch.net/anthem,65ad39bc687198899f152d91b0bd91c1
https://antirecidivism.org/,9fe3cb2b7313dc79bb477bc8fde184a7
https://www.antiochschools.net/,7b0db2e39fd69f9a43c533c6e31d8bdb
http://www.anxlife.com/main/,7c23d88d3cca914bf090583fcfb2a5ab
https://adaa.org/,4ab8c88dd917f2a9bb8ed87dab8cd82f
http://www.aprtp.org,9d5f41a7567e74d231b596ccf7b02a6f
http://www.apafss.org,01054cfabca0e838f84c22b017ed33ed
http://www.apaitonline.org,7d1a6a9ca328d3095b211f91142d08d8
http://www.apeb.org/,93c5d5ff8a3f865482aab303a5b553e5
http://www.apichaya.org/,cb28ea553914ad538611531a42ab98cf
https://www.apicha.org,5d593cebea2c6e20acb4f02b44aa3cc9
https://aplahealth.org/,9fe3cb2b7313dc79bb477bc8fde184a7
https://apostolic-worship-center.com/,4f20b85ce5ebf225720e040314a7966a
http://www.aaccsv.org/,aca39e743b29471e6e323a1afc57881c
http://www.arabculturecenter.org,32584d2ef523446eab807c6bb0384333
http://araborganizing.org/,bb8f534fbff5ee61a95af9c4740ae043
https://www.aafscny.org,e55a3ade4a602bfe302658d41845d9fb
https://arbor.stanford.edu/,c158cf843ef0d5b8b199fab911e6f514
https://stfrancishousegnv.com/arbor-house/,18f65b06cc872e7c05d76b613dde4108
https://www.ausd.net/,45e51eb3e8bf84189dbcb8b662ef7eb7
http://www.arcadiaca.gov/government/city-departments/development-services/transportation/arcadia-transit,f69b6aa64f4c2970bd496b48cb4f5463
https://ayela.org/,ab7840f9c0c520706f437d492fbd3e7e
https://lacatholics.org/,9fe3cb2b7313dc79bb477bc8fde184a7
https://sfarchdiocese.org/,b6df971c69d651b179577a53584783ae
https://archive408.com/2020/03/15/santa-clara-county-covid-19-financial-solidarity/,76a871ad2196b3b148f763a145b5865b
http://www.arielom.org/,0a9841d2b923aa507a20e1a50354990a
http://www.ariseandshineliving.com,bda4c27470d07a6e3d043b0d01321bf5
http://sfhomeless.wikia.com/wiki/The_Ark_of_Refuge,a39de5134e8663286483250aaf6953f5
http://www.arkansaslaw.org,90d3fd68f924dbdd2c8434d968c0d1c2
https://arkansasunited.org/,c862bd587e0302c3d701166e66098dc7
https://afac.org/,9fe3cb2b7313dc79bb477bc8fde184a7
http://www.arswestusa.org/,49e3097f1f400505ac6d24195571d4a2
http://www.armoryarts.org/,4f20b85ce5ebf225720e040314a7966a
http://www.arribajuntos.org/,f96835ba5e7ff559f4e109a96f959dd3
http://www.arroyovista.org/,3d5cc98d90bc16ea979cfe48e231dfac
https://www.arthritis.org/northern-california/,4f20b85ce5ebf225720e040314a7966a
https://www.artistrelief.org/,68029c29865dd1a6bf9554b1f7216fb6
https://www.artisticnoise.org/our-programs,c291ab235ce182666132b6fdfbeb4f1a
https://aacnetwork.org/,5f5dc380df9fbde66d5cb5c8acf00c3d
http://www.artseed.org/,c38f2bf50bc1cb9bb5e76bcde60ab333
http://www.artspace.org/,5251a7a2d3ce16f912f9da8f7e2c262e
http://www.artworxla.org/,0d150aa1285cae2368710a07316f6cff
http://www.ascenciaca.org/,7acb29eab5c6e0b67d7df2deff7944b6
https://www.ascentria.org/our-services/services-for-new-americans/legal-services,97816a6723f160ceaf13337cde85c13f
http://www.ashlandaccess.com,4d196cc3724214828c829da2e476a47f
http://www.afmconline.org/,ff7ff314633b3bfa24214b652dd9e7cf
https://aacfmd.org/,4f20b85ce5ebf225720e040314a7966a
http://www.aadapinc.org/,155a8bd68ce35b3fb630bc5e9a9f0c98
http://www.advancingjustice-alc.org/,bf9d2c620c72727eb13cced3d6755df9
http://www.aaci.org,7f1dacd72c8de483e2bde032f595d4ef
http://www.asianartsstudio.com/,d9075e46afab7d4ec2ca412f90a74a77
http://acas.org,023eaa59fb4f65a1e4a321db5ae5ac56
http://www.acrs.org/,f4f51e27b3c783c066a451f91cf2083c
http://www.asianhealthservices.org/,9fe3cb2b7313dc79bb477bc8fde184a7
http://www.aiwa.org,805875375e5c33462bb951d90b500557
http://www.asianlawalliance.org/,cff34e056b23446c0a158e9c98f42d62
http://med.stanford.edu/liver.html,77037f7df62e174529baeaff1e2b9f8e
http://www.andnet.org,10b967edf1e4685766f7766a2cf460c0
http://www.anphc.com,7bb6f8ebd23fa90a81f13c1bab81aee4
http://www.apaccsf.org/,a24bd5136bbbde83c077ebf28135e45d
http://apadrc.org/,3ff9cf5c46eb07803169ed31ecfc79a9
http://www.apctc.org/,7cb3474db9ef96716844e3ba61bdd0d4
https://apen4ej.org/,e8268c5dadd5a82262864408a5df1581
http://asianpacificfund.org/,c47673ad08cc9ca79821dbd6e3df97eb
http://www.aphcv.org/,2b4f6029d74aa9874ee8740fb4372f9f
http://www.ssg.org/programs-and-services/mental-health/#api,2ef00554fff1a851520c483f2827eba2
http://www.apilegaloutreach.org/,a2dae7f75da111e431d1891e66dccaa2
http://www.a3pcon.org/,b51adbd8d0a8a19b608e4c73e0299c66
http://www.apafss.org/,01054cfabca0e838f84c22b017ed33ed
http://www.asianprisonersupport.com/,44d9b9749bc40e25374c3de6a0557ba4
http://www.apex.org,ed2587c437ac1a6f54c0ac638f986ed1
https://dv.aaci.org/,b23f29f6bcc5f1704fce3a89825cafc9
http://www.sfaws.org/,a45c33ca37ca97d7ab11398623a7fb59
http://www.asianyouthcenter.org,7d3146098754a7eba90efaeb0034e604
https://healthright360.org/agency/asian-american-recovery-services,2d2124a253f2fd5f6d87b1958fbd7164
http://asianinc.org/,478875ede9783ea7c7516cef69aa0ca5
http://www.asosal.org,6dfaffc0c893b604fd28b4c1f0141fd6
http://www.asotincountypublichealth.org/,ccfb9d1f13d056410046225eb103111e
https://sites.google.com/view/adphs/home,beb714dbcc921471a0bab01ddf82c2f1
http://www.aspireeducation.org,acb9b022592f040b218884e97e70c654
https://www.assistanceleaguela.org/,99ddab94fe9974c3d3ab86cf2dfd7dfb
https://www.assistanceleague.org/covina-valley/,bf15bee5be1ef25a1810b70fcfa41f3b
http://www.allb.org/,4fdd8b3d5cc0d4ffc35b2b0e1f4d58aa
http://www.losaltos-assistanceleague.org/,5fd01338c775d85e7dd8709f6ec2056c
http://sanmateocounty.assistanceleague.org/dcontact.cfm,af6c553cdab19f5fc13cefb80ff5e102
https://www.assistanceleaguela.org/program/foster-childrens-resource-center/,ace53730d0786e609acf918b92d1e2bf
https://assistanceleaguesantaclarita.org/,4f20b85ce5ebf225720e040314a7966a
https://therapists.psychologytoday.com/rms/prof_results.php?city=Los Angeles&state=CA&spec=637,e946fd60df0e24f957bd539c00d6f91d
http://www.sjsu.edu/as/departments/cdc/,dbd39f38495bc236a9005cec520d3249
http://www.assurancewireless.com/,b734dc669fd93a5b645f0ca2cf51e29e
https://www.ocf.berkeley.edu,8fe4c05b390aec6337c03c97f523c215
http://www.asyleewomen.org/,c7384849f17ffa7333b8792b4df7415c
https://asylumadvocacy.org,8bc4fccf037d68779e795396ebe9c961
https://www.asylumprojectdc.org,e3793649923152624e90d3266e804d27
https://www.asylumsponsorshipproject.org,2623442c8efc1c302ace9c34db94213f
http://atthecrossroads.org/,060392e81144bf71620c050fa5f5bf91
http://www.audientalliance.org/,4e428049a315461fc7af591bc56b0df5
https://authorsleaguefund.org/,4f20b85ce5ebf225720e040314a7966a
https://www.facebook.com/avshelter/,47a480a326e28c20ba9f0792d1667fe9
http://avalon-carver.org/,d4f8f818874de3e7f1ef5bc2b7e3861c
http://www.avenidas.org,7daecc5c7dda7225571378e4b2df2530
http://www.avid4.com,6c235006157981623f4670f9172b339f
http://www.avivacenter.org/,ebd2645e4194ca28d13a220884432ffe
http://www.axishealth.org/,88484c2a1ebf9b9365db787f9601d33e
http://www.axismundicenter.org/,1c0576a00159fd8e318233be4873b636
http://ayuda.com/get-help/,4d7d11400875c3e4eb7298b85c03e399
http://www.azahealth.org/,d42540b929755bf9c121cb2ee2c521c8
http://mye-male.wixsite.com/aztlanfamilyclinic/facilities,c5276bb8c1143d2d68d9b661ab3f0ebd
http://www.azureacres.com/,8558f9636b6c243058760b0f644ca8a6
https://www.ci.azusa.ca.us/191/Library,402451d964df3e0b4a22c6319c67e743
https://ausd-ca.schoolloop.com/,4f20b85ce5ebf225720e040314a7966a
http://www.bokranch.org/facility.htm,597904b6ab4c770e0cdea2859da18feb
https://babybasicspeninsula.org/,6c2682e61d9c56710c538c4d5fe7d52b
http://www.babyfirstsolano.org/,0f50be255d0f414148e1364ab01867cf
http://baby2baby.org/,9fe3cb2b7313dc79bb477bc8fde184a7
http://www.baljagat.org/,59f4fe14586c5c0e4ea2021b2816263a
https://www.balancepro.org/about-us/contact-us/,4f20b85ce5ebf225720e040314a7966a
https://www.sfusd.edu/school/balboa-high-school,5ef21e7f7f28ca419624aaee449a9423
http://www.bhs-sfusd-ca.schoolloop.com/clinic,4f20b85ce5ebf225720e040314a7966a
https://www.bpusd.net/,87b196f2d61436e48bc521f779b24bc6
https://bananasbunch.org/,4c3e759c8872831b2c0ba7e8a027c10c
https://www.banninghs.org/apps/pages/index.jsp?uREC_ID=103877&type=d&pREC_ID=203519,7f08596a711c342e29b4c9e73527cc80
http://www.banteaysrei.org,f8f9b63bc6361a435a659e4a69e843d1
http://www.sfbar.org/,9fe3cb2b7313dc79bb477bc8fde184a7
https://www.downeyca.org/our-city/departments/parks-recreation/barbara-j-riley-community-senior-center,831c5e88068c5ed1d48b5f992b8a89c8
http://www.barrioaction.org,0306cdc8c848d3c52bbb3a8bef2bc174
https://locator.lacounty.gov/dmh/Location/3180996/barry-j-nidorf---juvenile-hall-mental-health-unit,83f3b8b097aba01de1e409d6fe560785
http://bartz-altadonna-chc.org/,dbb8095f775c9a41e11b6805d5ee67c3
https://www.bassettusd.org/,a2b4f0928b2e1c5b1f26112c9b9caff7
http://www.basta.org/,46c24dcc698fb4b248395b677e74c541
https://www.bwjp.org/index.html,a80fd12a25d88f944a8c2076ba9e6bcb
http://www.baartprograms.com/,9fe3cb2b7313dc79bb477bc8fde184a7
http://www.baaqmd.gov,86de818e56dc9aa77b5fe520a3c6cedc
https://www.bayareacancer.org/,40b4e6aa7df2c97446fd2549ce8fd8a0
https://www.bachac.org/,7b5e2ac9de8a0d1784e8bb29bb39b7bd
https://www.bacr.org,c76c3faf9c3da1d0b147388585275b13
http://www.bayareacs.org/,c95ee4543c2ee9e982816c759c39ada0
http://www.bayareaca.org/housing,1b7b240ad59d5f15dedd12903b2be44b
http://www.bayareacrisisnursery.org/,e0fe98d438bedd9cc656c9bea72e1763
https://bayareafurniturebank.org/,f4246e12372579e1d0f49d271ccffd46
http://bahc1.org/,4f20b85ce5ebf225720e040314a7966a
https://baylegal.org/,ad2e0c38e3a72e76312840601bef29f0
http://www.bart.gov/,2fb18339fab3675258f74c17d7525114
http://www.bayarearescue.org/,fa172c77abd7b03605d83cd1ae373657
https://www.safetynetfund.io/,ebf8da3c8c622cc757a6b3f330fd5773
http://bavc.org,a9173cac8e114e0986a0ceac9416ab6e
http://www.bawar.org/,7189f8bbe309ac2ccc11dbec46111acc
http://www.bawcc.org/,a9c1d3f6435afe4503e907a9a446125e
https://bayareaworkerssupport.org/,d55d75d20f4867aaa074dbdc1d2d73ef
http://www.bayemt.org/,bfd534a80bb8fa2c5149d95e6715d735
https://edibleschoolyard.org,7ebe4fcbc9e1b0c826ed5762966dacc6
http://www.baypositives.org/,5c8ec0d736b5ee91496dca4826764dd4
http://www.bayanihancc.org,f8e064868698e8afef19f107fa9e29fa
https://www.sfbec.org,9e286130c8c11b811ad0cf4288abe17c
http://www.bayshore.org/,d9177d19373ac1d020fd1a13c8cffba3
http://www.bayshore.k12.ca.us,fc80ee9debb76b976875b0771192ce4c
http://www.smhcsf.org/,b86eb0ed579f147d571827cfe04e136d
http://www.BayviewFootprints.org,7bcc24780d5b019743b1603e77b8de73
http://www.baycat.org/,5cfb85f098ecfc648e2165b0c51227b1
http://www.marincityclinic.org/bayview-hunters-point/,ef38edf72b5089b68bcb7ceba37d72d6
http://bayviewci.org/,95bc4a9ebfa446ff051d76d75e74a24f
http://www.bvhpradio.org,c63127a99ebe473dc83f7a0758b12c41
http://ymcasf.org/bayview,b050836b02db30fae9c8bd941d7a2814
http://www.bvoh.org,8739d3e99ca8523fcc324fb9aedf39ac
https://bhpmss.org/,bda5a5242e2a076eb5c137c6ca6db07b
http://www.sfpl.org,7701a88b6d7e1a08c05e59bcd65f5d04
https://www.bestrongfamilies.org/,6b3d1178dde1c30c30752e0da017e063
https://www.bchd.org/,1fa7b84e4151b58931559f1405d8e299
http://www.beaconhouse.org/,4bf8a2c43f6a495c11526796a5d7a2a4
http://www.beaconlightmission.org/services.html,4b5861858d34d0aee77f0920773ba8a6
http://www.bolchurch.net/home.html,ac6a3dd02714882a1a0d77ad92f37be0
http://brl-inc.org/,256611988e2842767bf930a40ba0f172
http://www.bebashi.org/,9fe3cb2b7313dc79bb477bc8fde184a7
http://bily.org,ca41ac9986bd893e6006db509ed28c22
http://www.becausejusticematters.org/,61343185900c33e5a67b64ec163cafc4
https://restorationplaza.org/workforce-development-2/,9246d8b574a6b35399a0d86f7299ed1c
http://www.eahhousing.org/pages/apartmentdetail/93,cbfa5df752281f962b3b87da9da89469
http://www.aintmisbehavin.com/,7ac3852f13717da9ceebf3167f3c9db7
http://www.bhs-inc.org/,5505467efae637c12541da1986b944e6
http://www.bia4autism.org/,daadba278823ccae72e9ce4acdc52d1e
https://wp.behindthescenescharity.org/,4f20b85ce5ebf225720e040314a7966a
http://www.beingalivela.org,231e3ba15faeb2febb6c7398dc63d92d
https://bhs-montebellousd-ca.schoolloop.com/cms/page_view?d=x&piid=&vpid=1294472332470,4f20b85ce5ebf225720e040314a7966a
http://www.menlopark.org/219/Belle-Haven-Child-Development-Center,99214038c50af1531d594139d54852a0
http://www.smc-connect.org/locations/san-mateo-county-health-system/san-mateo-medical-center-belle-haven-community-health-clinic,2d1feddfb907893b89a7dfd0414fbea8
https://www.survivorsoftorture.org/,034acc6d946f1bb1232c1adedd02345c
https://www.seniorly.com/assisted-living/california/bellflower/bellflower-christian-retirement-center,e8a067d543742fdf561078dc88560835
https://www.busd.k12.ca.us/,83e4a0c94f7bd46988cdaf68b98a7d1f
https://www.cde.ca.gov/schooldirectory/details?cdscode=19647331930908,76ee6005ef932d5b0d78cb97b7326a36
http://www.bacup.net,4e428049a315461fc7af591bc56b0df5
http://www.bhchealth.org/,51a6dc5344eb6b03b421d425c7934335
http://www.bencac.com/,a7254232c4c4f73a9ae9bf24126e27c3
http://www.benicialibrary.org,4fe8567578b6a1f2aa9481446e225a19
http://www.beniciaunified.org/f/ncov/,6785c6c7afad675caf48452b1c549e8e
https://www.immigrationadvocates.org/nonprofit/legaldirectory/organization.393231-Benjamin_N_Cardozo_School_of_Law_Immigration_Justice_Clinic,f76e9841b075ca4063add405b5235753
http://www.batsrecovery.org,3283f7016d4a70dc082704ff9587669c
https://bas.berkeleyschools.net/,273142ae38abf1f60d329a3c112143dc
http://bas.berkeley.net/,c1c2ff20ecf5eb712786cdf1386d6312
http://www.berkeleycopwatch.org/,4140d7b33b03851500c90f4b2609088c
https://www.acnetmhc.org/berkeley-drop-in-center,f13b8dd19a559cbfabb160b74c439c26
http://www.bfhp.org,b9d3d21406d774e895c2f3efe24d7efa
http://berkeleyfoodnetwork.org/,9d57ff9cb8c7e7c5165c2f036092c6a6
http://www.berkeleyfoodpantry.org/,b9ebfcd28a7a16441a43ce3a659e3415
http://www.berkeleyfreeclinic.org,c354ecdcbd4ee78bc8afb291da540851
http://www.cityofberkeley.info/bha,b67075a867223f1c183aa778bd3c0152
http://cs.lbl.gov/,6d35e282aa5415f9427c9df973021d7a
https://www.berkeleymutualaid.org/,4a3c9c805f1054b8620290697b3e7aa8
http://www.cityofberkeley.info/police,f8203e281e24a3ec9379efc3ef903eb9
http://www.berkeleypubliclibrary.org/,d5d24776ee570676b81ee72b79e672e6
https://www.bsc.coop/index.php,1db1bc4507540f0ecd0342abef45787c
http://bti.org/,795f375c37be67e97214d36299f84d31
http://www.berkeleyschools.net/,a49046669f44444c81236e614eea436f
http://www.byaonline.org/,9bdd5d19009ab238152df2a76899d89d
http://www.berkeleycitycollege.edu,eb78290ef722dcec81f473da6ae67835
http://www.bhnc.org/,bbc7555295d1e70388531ebd9c632ec4
http://www.sanjoseca.gov/facilities/Facility/Details/288,458a5f8c828614bc5b365c6c78d5c421
https://bestbuddies.org/,eeab468ad4921bc3bdbe33d15f30efe6
https://resources.bestfriends.org/article/pets-and-covid-19-what-you-need-know,477c6503a79e34542cddab61f5e9aae8
http://www.bettzedek.org,11385d998425512bf6a2be6e715b0ab4
https://www.bethanycrc.org/,11b2c92baff8d5c5cc6406b2a8d64adb
https://www.bethany.org/grand-rapids,4f20b85ce5ebf225720e040314a7966a
https://www.bethany.org/philadelphia,4f20b85ce5ebf225720e040314a7966a
http://www.bethelcommunitypcusa.org/food-pantry/,365eb1b42430115a15792364293a7f7d
http://bethel42.adventistchurchconnect.org/,318bb2de9f44f544c7deb5633da6b4c1
http://www.g12joy.net/index.html,b48a16713241b8958df9c9d68f28696e
https://wearebethesda.org/?fbclid=IwAR3baqoT9R8iqSxcP3HMHrpRoRtv42nTSl4o1qcAs7j96dXS9CP-2_AgkiU,38f677f0a32599b1dba1b8ddabdd67f0
https://www.family-institute.org/about-us/bette-d-harris-family-child-clinic,26e1715c5094c2aec7b530870db38396
https://www.bbb.org/,20858ff443e91366d441ffcd257c27e0
http://www.hazeldenbettyford.org/,30743ce78d66506863bdc7a1720b96fd
http://www.beyondemancipation.org/,9fe3cb2b7313dc79bb477bc8fde184a7
https://btb.lausd.net/pf4/cms2_site/view_deployment?d=x&theme_id=ivh34i1g1x9ht2q1&group_id=1500178972311,4f20b85ce5ebf225720e040314a7966a
https://www.drug-rehab-headquarters.com/california/facility/bi-bett-corp-concord-5/,4f20b85ce5ebf225720e040314a7966a
http://www.thebibletabernacle.com/,a2bcc9db9a39da67b6ca3b06ad39c57d
http://www.bienestar.org,7fdce72b7bdf3b57c90b3f9989e1380d
http://www.bienvenidos.org,81ba59d74acf0a585cc86b121e30ddfc
http://bienvenidos.org/,d4229265187251a8d9b5cfdca3047e09
http://www.bbbsla.org/,4f20b85ce5ebf225720e040314a7966a
https://www.bbbsba.org/,7d67e54c15595f9cca7f2f6ca2b30a35
http://bacaworld.org/,ea2441ac066aa45a7dc31e5f7e6b4a49
http://www.billwilsoncenter.org,a9d6518a0f8838446e0d568fa1c4ae09
https://www.defrankcenter.org/,4f20b85ce5ebf225720e040314a7966a
http://www.binetseattle.org/index.html,157d8ea85d8bc814a70af87e24285ac7
http://bixbyknollstowers.org,c7b1a95b3ca5b4fb5f4b6da18b8a525a
http://www.bixelexchange.com,56cbf4c6b5e598f49325c59f2a1836fd
http://www.blackcap.ca,5461d055522d344fb4fe9d3110ec4f08
http://blackorganizingproject.org/,4bbfd9d2c81547c5c32861e4103fd568
https://www.blacktranstravelfund.com/,9db1012ad488ab6d2e0f892f689c08da
http://www.bwwla.org,135eb576190134923621512d7e5c19f1
http://www.blessedsacramenthollywood.org,fb920e502281ce8643dd165a71a9d6e3
https://www.wayfinderfamily.org/program/blind-babies-foundation,9fe3cb2b7313dc79bb477bc8fde184a7
http://www.blindchildrenscenter.org,3ec7c8a8d982f348cebf045d24d5fcc6
https://www.bloommarin.org/en/clothingprogram/,d7f1518008a1f6befe1a6b76cd048ef3
http://www.blueoaktherapycenter.org/index.php,0863d3a105dfbf29171b7b6430bffc05
https://www.blueshieldca.com/promise/index.asp,6089d70e285ec28aaf19c7f060c7406c
http://bayviewmagic.org/,709a8861e0c491538edbc88efc326b5c
https://www.bolinaslandtrust.org/,8de7652419bcf9d271264180ac2f9dac
http://btwcsc.org/,d143b50a732a13f55b95277882b218d6
http://www.boostoakland.org/,e0140db22d366add9b21b64f6bd561f0
https://www.borderangels.org,863c457aaf6d31ff9f45366d35ba8cfc
https://www.boulderwomenshealth.org,5e197a1db1e527305ca94ef1c9907fd6
https://www.laparks.org/scc/boyle-heights,636afd8c3d279c2b08fcbf3080cd43b7
http://bhtechyouthcenter.wixsite.com/bhtyc,735ba0bb77f0c935ea76eaa654dc753a
http://ewddlacity.com/index.php/employment-services/adults-age-24-and-older/worksource-centers,c4474f27518c75cc64fce7f9a4cba392
https://bgclaharbor.org/,682903d56cdb2c49491f7dc7cf4e9ccb
http://bgccoastside.org/,24bbe12a110581e03def4d546998e5f6
https://bgclaharbor.org,454efde3ddc433eeff17b5c3b80ea605
https://www.bgcmla.org/,124cea53bf1102a7fbd9f21f308ca95a
http://www.thepositiveplace.org/,316f68c4687dd4bc7f3c1dd8c83bd512
http://bgchollywood.com/,531c488c0ed51a47f530526aa0e93e27
http://theclubs.org/,7e425e7064e84023a46998ff7e655091
http://www.bgcsfv.org/,a185743bc1ee5a552aae12c357a4d3e7
http://www.kidsclub.org,17f77eac5b3d4b353cf5991dc306c35d
http://www.scvbgc.org/,4346e46861f373186c7950fc943e1b33
https://www.bgcp.org,97afbbb709dc376f45d1e4f7cec812b3
https://bhghsf.org/,c55e795f58bc0d34cb6939fd3e42eb5b
http://www.pacsky.org/,c56108ee949faecd0dd999451fee48e2
http://www.labreadoflife.org/,3f944f52ab5a68633be5330088df7b25
http://www.breadofthemighty.org,bd2b50206c599fd062aeb210520b5f23
http://www.breakthecycle.org,54024b6a02a36926fa50d9817e74e1d3
http://www.breakthroughsf.org/,d24df5b184fdfce63875caa91155f36e
http://www.dhcs.ca.gov/services/medi-cal/Pages/BCCTP.aspx,d49f69723b50f093c1f0848f85948380
http://bcef.org/,70a28953b8ca4030e3ea8cb809e3c17b
https://breathebayarea.org/,d150e39d9782a0bfff4a8c44a188e33c
http://www.bmcf.net/,4f20b85ce5ebf225720e040314a7966a
http://brentwoodumc.org/,7ec09f1493c3c4e6cee787a02671e14d
http://www.bpcusa.org/,656306512f89d72b3da29618bcd3ee9e
https://www.brentwoodstrong.com/,cb64b60ef7dc62a3a65553b52f574d02
http://www.bresee.org,f650d9d7bf35349be3e5c1fc6d58685d
http://www.sfusd.edu/school/bret-harte-elementary-school,7148e88dd78f5734a7907b85451dbd0f
http://www.bridgehiv.org,4d46f0737836b07f14559cdd9dbe2734
https://www.bridgehousing.com/,8f648de036bba17548dc9cb507bfaccf
http://www.btohome.com/,3efedd2a8e4d24ceb1b5b34d614682ab
http://www.bridgesrehab.org/,e884ba1609cbc18f94a2ce66509b3dbb
http://www.bridgestowork.org/,9fe3cb2b7313dc79bb477bc8fde184a7
https://bridgestowork.org/new-york-city/,9fe3cb2b7313dc79bb477bc8fde184a7
http://www.brighter-beginnings.org,5f3664ed52f6df47c88ec162bb36add4
http://www.bronxarena.org/,c4474f27518c75cc64fce7f9a4cba392
https://www.bcc.cuny.edu/academics/student-success-programs/future-now/,49bce8138151d4f86bdb0ce9468143af
https://www.schools.nyc.gov/schools/X377,67bdda579ee1dc3048cbc7142e531aea
https://www.brooklynacademyhs.org/,25d98d05496c63c8a179b2e2ee73096e
https://www.bbg.org/,4f20b85ce5ebf225720e040314a7966a
https://www.schools.nyc.gov/schools/K578,e25b069061972a06d704b21d74c77e20
https://lgbtbrooklyn.org,4e616499cf687d27feecbb102da88a45
http://bds.org/practice/immigration,68987bc1a2e1dbc20ffc832bb47ddfae
https://www.brooklyndemocracyacademy.com/,978bbd53f0163070b8fa74c6b9e4d09c
https://www.brooklaw.edu/Academics/Clinics-and-Externships/In-House-Clinics/Safe-Harbor,fdb468b62405beb95ccb3abd3cf11fdb
https://brooklynnavyyard.org/about/mission,4ead20c186eaf2f7c09d6627ab7c0102
https://www.bklynlibrary.org/learn/immigrants,4f20b85ce5ebf225720e040314a7966a
https://bwiny.org/,352b681212a2740c1a838e45d270bb8a
https://www.brotherhoodcrusade.org/,53744d080cd6012012089878f96caa16
http://www.brothersontherise.org,96e78af9bc551c473641ed00ff42d502
https://www.browardlegalaid.org,9fe3cb2b7313dc79bb477bc8fde184a7
https://www.browngirlsurf.com/,ecc8beae9f1b201ef0d701d5d1a0ba56
https://brownasylumclinic.wixsite.com/bhrac,b5295c6fe60987dbb8d195b40e1d147f
https://www.schools.nyc.gov/schools/K568,2e6ac7520da3cb4f0a1420a93565a188
https://meltingpotfoundationusa.org/about/mission/,348bcf8e4c42b76112cfd10b2f0be9de
https://bryanttempleame.org/,34af874dbbd734b6cfdc25d96f1d692e
http://www.buckelew.org/,9fe3cb2b7313dc79bb477bc8fde184a7
http://www.tzuchi.us/,3fe8e8b2f8836d1e4b7d650b01d51a71
https://medical.tzuchi.us/,ead7e5d934abf77b38c74e82b4603c9e
http://www.bhclongbeach.org/,c4474f27518c75cc64fce7f9a4cba392
http://www.self-sufficiency.org/,c96df76dd78fe18153fbeec5a8a35c59
http://www.buildingskills.org/,8635a1b7a8727b38501fe9e628402b2d
http://www.buildon.org/,af10f7a34070eb63ac2863d3a832082a
https://www.facebook.com/bullockassociates,1e7446ad740bd71de8d9e12d49a69c18
https://www.burbankusd.org/bas,0424d07eec5b48e6b41ff97d45b181aa
http://www.burbankbus.org/,be6ce2a454fa7c3cfa66cbd8b95f03df
http://www.burbankhousing.org,356a14b7174878f9a9a8a4613134609d
http://www.burbanktemporaryaidcenter.org/,3358b888e00fc7a22021b26c5b876e0a
https://www.burbankusd.org/,4e8bcc83da7ff24ad896f1805a7ca4b3
https://www.brfn.org/,6a4f472daf3ac30161b8c3e2f1dd6552
https://www.schools.nyc.gov/schools/K564,196e549b81c8e28e2aaf169cd56404ab
https://www.byramhealthcare.com/,b02504da3d29a5267add5cf4b067c1b1
http://copefamilysupport.org/,12f2b529156113e93e3014bc9ebebffe
http://www.curainc.com/,05f7c854aa5715a711804122f4a171ab
http://www.cacollegepathways.org/,c47f16bcbfbc8e4385e2eaf3fa016e2a
https://www.mylowcostauto.com/,09b64190eecf65059f621517c3a5be92
http://tri-cityhealth.org,cccf1c281a1a67dc323be9d2838fddd8
http://calarts.edu/,af163d7a40c466ee78cf4e9490a5b428
https://www.getcalfresh.org/,ae98fcaeefd3eff76c765c168e98317d
https://www.calgaryoutlink.ca,52d7368f1538bd6506bfcc34edce508e
http://www.calacademy.org,47cf28a3faace9f571435ce2fdd04d16
http://www.canhr.org/,6b46021f61279ad74b0b9a97abedf47c
https://amwater.com/caaw/,a4247fb184c4da832bfd00a740ed6c07
https://caanet.org/,7e68a70dca5e610b7526cf533a0247ed
http://www.caaquatictherapy.com,507e7b964078b63193acdd14b92f27d7
http://www.cafoodbanks.org,e8ff1c5973917a69d5612415f84e7be6
http://www.cafoodbanks.org/,4e26519373f785f428fc98b4083b5c44
http://www.calautism.org/,8116f4575e1e6fddb254e0a6fa6a692a
http://www.bvnpt.ca.gov/,29885fd081620fe0b21bef92ade10588
http://www.bppe.ca.gov/,3174422caaea1af5d9948be0ca50026e
http://www.rrnetwork.org/,cbe2529a1dc26666a9d2044a6a5a0512
http://www.countyofnapa.org/ccs/,4f20b85ce5ebf225720e040314a7966a
https://calyouth.org,5dbcdc0b06f71b9a3c29b5c777a3678c
http://www.youthcrisisline.org/,442028ff8a70b90e440c517bd8ef2396
http://www.cccco.edu/,e385f48720ff8215d906ce46edaa4c76
http://www.cacej.org/,5e2d6e8a88279f4883a42cb825baa2cb
http://www.ccc.ca.gov/Pages/default.aspx,07e8a3fc8f20cb7e3d56f869f523c93a
https://covid19.ca.gov/,596ca84b1483f79ebeb8832f3b5c1bd2
http://www.ccbnet.org,6b5b3ba07be14ee9ba5a31a80e4761e9
http://www.aging.ca.gov/,54dec35f525f4c96fac2b763559bd137
http://www.acdcss.org/,a362c5fd28fc4eb3ea4e386f4b71fc08
https://www.csd.ca.gov/,e8296b015411329f62e24d291aba8fb4
http://www.dca.ca.gov/,c6a9be0883c2cc9d9787dbc7a89ccea7
http://www.cdcr.ca.gov,023a81a86c635c1c3237a7cdcbd8b635
https://www.dds.ca.gov/,e59fe8327d2b98caa76a564cc57e054a
http://www.cde.ca.gov/,88782360e0cf2bb36c2a6ec67751fd5a
http://www.dfeh.ca.gov/,eb53936ff847139bb99c2199eb292f29
https://www.dgs.ca.gov/,9d5d200eee5fc4df69287c27545c7c6f
http://www.dhcs.ca.gov,aa32d6a210a64dd66b792e41e51332e5
http://www.dir.ca.gov/,22fc27ac2e07b4f6c6155847f6dc81a8
http://www.insurance.ca.gov/,523db5329383ae49ef5e8d24bca87b46
http://www.dmhc.ca.gov/,f9cbd42a2dca4c60a24aee7eb43737ae
https://www.cdph.ca.gov,b8c588df76c4ac9144f548e533275301
http://www.dre.ca.gov/,778227de2ab943973f88f43654b64b63
http://www.dor.ca.gov/,dce61a8efaa595652bb19c37f900613c
http://www.cdtfa.ca.gov,aa85344934fb61a61e5d2c6204d5957a
http://www.cadip.com/,4b956a110170a17508a7e9c4c8263dff
https://www.caleitc4me.org/,9fe3cb2b7313dc79bb477bc8fde184a7
https://www.chp.ca.gov/programs-services/programs/child-safety-seats,aff2fe1f5069b2f56163b2deb0aa61e2
http://www.chcada.org,d8f6d12993f90ac537a88ecd910d7f8f
http://www.chme.org/,925b26a23885106495f859b4e4a1f0ca
http://www.chmcla.org,2cc77fe3e7bc2d9071f3b6b529c04eba
http://www.californiahumandevelopment.org/,9fe3cb2b7313dc79bb477bc8fde184a7
http://www.ciyja.org/covid19,a3fa333fd6daf2f58f76464fff83e9ed
http://www.ibank.ca.gov,455620d4cf15caea1dd88cd1e4e9b2ca
http://www.cihssinc.org/,67a449f6529e9bb237727e965f19ffce
https://www.facebook.com/CaliforniaKids-Healthcare-Foundation-182525048426469/,fc6ddaf066b9b20b309e6473045e90de
http://www.calawyersforthearts.org/,d3a5ad7f3e157d7487d0603a0da9c8c9
https://www.californialifeline.com/en,5c7816d65aa48e08416b4bf83854e3d3
https://www.assurancewireless.com/lifeline-services/states/california-lifeline-free-government-phone-service,0ab2f7bca7106889be6bff7b0dd5b911
http://www.californiamhc.org/,7f2fcd54216e29570f3dcd28d839f7dd
http://www.ca-mentor.com,9fe3cb2b7313dc79bb477bc8fde184a7
https://fosteryouthhelp.ca.gov/,39ebf398579c91542bfec7c38ea7b84a
http://www.calpoison.org,4f20b85ce5ebf225720e040314a7966a
http://www.calpep.org/,fcfcbba0149815145d3738e56a00a92d
https://calpirg.org/,1422bdd7cb8766db6bcd5a1013b3a1f2
https://calrestfoundation.org/,2c249aaf263e61c68d6a74e617d5b1d1
http://www.crla.org/,c8023127cd3fe4ea8264107218cc8e97
https://www.nobutts.org,b476cd95d50fc6c054f3bc4c30da984f
https://www.auditor.ca.gov,0a01b8bb142c257a372634bd0870b135
http://www.parks.ca.gov/,1b597eee4bf6e3b0513b0cd3c856b5b0
http://www20.csueastbay.edu/,3a537d362bd033527d381c3dd55e5546
http://www.csun.edu/helpline,5a7a80a36b1677ed8b138cbac6606907
http://www.phfewic.org/,969b7975c9c5dafff6686558bb9a012b
http://www.cwlc.org,b4df4db122cca696e6a4b093436e2328
http://www.cdss.ca.gov/CalWORKS,6b66cebe5b9ae267db9b7f7844e8e374
http://www.calyouthconn.org,617d29fc5b2d0ec7b12be62b80e39050
http://www.cyoutreach.org/,d26f7716c771db1ff41c3f789dd8aa91
https://californiavolunteers.ca.gov/,622430df7264f28814eea357cf324b4e
https://www.calistogaschools.org/,ff50d2ab54070e26499c8cf6c1448403
http://www.callprimrose.org/,c68593047ca7633a5942b144f3454dec
https://callen-lorde.org/,9fe3cb2b7313dc79bb477bc8fde184a7
http://www.caltrain.com/,8ea8cc6ec6e225466833328f98abc644
http://www.calvarybaptistsf.org,4acc986045207ba3e6ea39243e7fe29d
http://calvarybellflower.org/,c6fa24d0c93f7ea7dd9bb991cb6e176e
https://www.ccdowney.com/,d9eca096e253f3b70d046516c2b98637
http://calvarylm.org/,37fb7e353f10fda9553cda0c645a22ed
http://www.calvarycc.org/,b9fc60d02a7849aee512e3e39ba78b21
http://www.calvaryhawthorne.org/index.html,435d3fc7e51646fbf7a941e78bc1b213
https://www.camba.org,315eead216549fb4bb7a6cf428e8da09
http://www.cambridgecap.net/cambridge-food-pantry-and-resource-center/,ece3123d701f832b68f4abc3999f8c19
http://www.sanjoseca.gov/facilities/Facility/Details/292,1aca6c83d467fea66bccf14cc7a0f9ad
http://www.cjcj.org/Direct-services/Cameo-House.html,91c80e7a464be877ae0d31c4ab53d71c
http://www.cameronhouse.org/,0970417135527cb129b13dfef6c93b39
http://www.caminar.org/,6dff3857228f3d17c42c34c1652e99b2
http://www.campchrysalis.com/,9cd3e0d4475aefc9e866aec64633e4fb
https://www.beachcalifornia.com/edca/public-schools/san-francisco/1-riordan-high-school-summer-sports-program-camp-crusader-415-586-8496.html,4f20b85ce5ebf225720e040314a7966a
http://www.campdoodles.com/,33883f561169c8cc65096a71ea8b19a3
http://www.campmendocino.org/,fcf468fbe33fe0f48db4d9321269786b
http://unalayee-summer-camp.com/,a54bef729c049f7f90b6961165db3525
https://www.ci.campbell.ca.us/231/Adult-Center-50,8ccfd3669243237283d9df71ad0df3a8
http://www.cace.cuhsd.org/,3a6c74cc3f4e99554ef2cfffaea3c865
http://www.canadacollege.edu,be673806532b84db54c1c8481a4ae7a0
https://www.redcross.ca/how-we-help/migrant-and-refugee-services/first-contact/first-contact-ontario,9dfb8ef40e8a9a15d8177e5b564f70e8
https://www.redcross.ca/how-we-help/migrant-and-refugee-services/first-contact/first-contact-vancouver,a20f22a423b21f4bcb5e1375e984eb95
http://www.canalalliance.org,9fe3cb2b7313dc79bb477bc8fde184a7
https://www.cscpasadena.org,dfba21f772455425c928050cb25447e6
http://www.parks.ca.gov/?page_id=519,17783520fdc9d92c2f2eb60b99e21d69
http://www.cci.org,3ab7c11caacdb4ecc0366a73b15cf678
https://www.canogaparkhs.org/,9c28f6ce51fdbe690ae72acc4ae3596b
http://www.edd.ca.gov,c98bcb2a4212abf6789666027f13fb78
http://canonhumanservices.com/,0efabdcf775b08d4d449487dc7448a08
http://canopy.org/,7468940842ef3de0ac29570052d99bac
https://www.caircoalition.org/,89b473fed5e959df6042ef54cc55cb48
http://www.capcinc.org/,08d0e580c16664754f222dfd173449d6
http://www.cardborigami.org,0a98afb61bc8352e2d5cdd640f0136f0
https://www.cmcs.org/our-services/at-risk-services/drop-in-center,3757614529ec6e8280268a80697ea02b
http://avcarenet.com/,022b1b87f77b32b8bb1aab8fb5ac50f7
https://avcarenet.org/,022b1b87f77b32b8bb1aab8fb5ac50f7
http://carecensf.org/,ce0fd1a4968763d8efbbcda69c0fcf5e
http://careerpointnorthbay.org,9fe3cb2b7313dc79bb477bc8fde184a7
http://www.floridaworksonline.com,3fc8ce9aa8bf03f0f534e725b77cbc68
http://www.makethecaringchoice.com/,6f99c466e0ec4b5a8d144d95b4795523
https://www.cbmcffc.org,bb325071daba0168d793da1653290ea5
http://www.carleyeissmanfoundation.com,2db9cb3d6d65445cc922331428e6e2ab
https://www.carnegiefundforauthors.org/,4af3d9a0b6f29c5f9fed12e32c05a67d
https://www.carsonhs.org/,77697fb502c0a8c01cd8c0e45326e06d
https://wearecasa.org/,55a0bb8953bc3ec3f7e539a5a2dd0f5d
http://www.casacolina.org,64490474fd2018285f5bdd44dc2446a0
http://casadevida.net/,725719a3dcf8396d649a416f94c2b8b1
https://www.marinhhs.org/community-resource-guide/casa-nova,af4d1d9f864979ded59b73ac6a11a218
https://casala.org/,f7eae73af2a510da7ae4b49e869f0c7d
http://casaruby.org,28b8291fb748af94a2844e682c0a6e40
http://casasegura.org/,4688fa7a19085065d25f4816795e49d2
https://www.casatreatmentcenter.org/,a9a233153b87036466a0724a3603a279
http://cascadeshs.org/,0610235225bac67f5ff66a5f3c60c9d0
http://www.cvadult.org/,64de50e08751e23e4e4459969b5c4549
http://www.stjosephcathedral.org/ministries/social-ministry/,45f946cf1ef470a2bc9a73ffdf2b395d
http://cathedralcenter.ladiocese.org/,fb8085cb7e4744d10ada1cd40ba9dd86
http://olacathedral.org/,1419648c8512251bcd6d4ba414d51d2e
http://www.cwhwc.com/,21da2105f015003efef2df8e53224b90
https://www.ccmaine.org/refugee-immigration-services/services,fa938a00eff062522d87191b2a06fa8e
http://catholiccharitiesgainesville.org,839684a323bb15da9afbf301b6143773
https://catholiccharitiesla.org/,a1703b1a7465d37e28d79ea3b9c61b24
http://catholiccharitiessf.org/,7a0e575220a070b5365af6fbd28be97a
http://www.catholiccharitiesscc.org,6d8fce4250189b4c6ef31f926ba9c150
http://www.ccsolano.org/,1c693395efe7adbe6ee27aa8fc2616ed
http://www.srcharities.org/,49b8baaf0546f1979b36204391edaa73
https://www.catholiccharitiesdc.org,17b25b95ef8054d5b013919a0e321763
https://catholiccharitieswv.org/migration-and-refugee-services/,082a4e1ef2a89e922af319422fdc5eb0
http://www.cfcsoakland.org/,4f20b85ce5ebf225720e040314a7966a
https://cliniclegal.org/,45cac5d9d25e9cdbb5146fabbf4d4d3c
http://www.cclsmiami.org/services.html,aaa6581136af5bb0ff0b6ed3c1cbee9e
http://www.coalongbeach.org/,4f20b85ce5ebf225720e040314a7966a
https://www.ccyoso.org/,73c85a516a84701cb66d90448d05b76a
http://cssphiladelphia.org/immigration-legal-services/,19a8d2178dc1e375396b1ef4b491d988
http://catholicworkerhospitalityhouse.org/,450638c02b318a804431e103880ea1b6
http://cjjc.org/,bb8f534fbff5ee61a95af9c4740ae043
http://www.Cayennewellness.org,55b30babc5f6eb179845e0727d5a6a3c
http://www.cazadero.org/,73b0c29d172f6e12577993a422985fb3
http://www.cdsfl.org,baa2154ceeb4a6629f4b20722dc63cc8
https://www.cedars-sinai.edu/,1a2574812c429ad0eb6ef3083de18418
http://www.cccebenezeryparish.com/,7a64546562fde789234d937c7b3c8c3c
http://www.celsiusandbeyond.com/,7ef40beb93f2eb01dae93b5e156565d0
http://www.cforat.org/,5510609a5f4d08d9e10662b3badab369
http://www.card.ufl.edu,57872b2a1f0b9eb9e368c506c4a2fabb
https://www.cciarts.org/,8679bb0bbce7406955c301a76a208a28
http://www.centerfordomesticpeace.org/,4f20b85ce5ebf225720e040314a7966a
http://ceid.org/,dc20992043dae23de9b919fa730582dd
http://www.cei.elders.org,29e55dad4fef8b11bf01195d1dc929a7
https://cei.elders.org/,fd575af03f38b9bf3185873578532cf0
https://ceoworks.org,970d5e7a87f9619943749dc6327698cf
https://ceoworks.org/,f709744ddb61169afabd84cadb8fa977
http://cetweb.org/,846707c97e0b819155980ee172deecf9
https://www.cerieastbay.org,35aa8a37d61c5e3f8de5409e9657b53f
http://www.cffhae.org,f43bdf0e8214b79f5ffb8048b0af0b37
http://www.CenterForHealingByDesign.org,8a9339dbd835a9fe09dd0de91ffa00e3
http://www.healthcarerights.org/contact/,7178738f78333daf4d7dd09ee4b3381a
http://www.heychj.org,aef774eb0366f8d8c3391c0faa350eb8
http://www.chd-prevention.org/,ecc287aed94c7356c215f187ed5c1180
http://cimausa.org/legal-services,220bef5c8372ce17d34e6e38698ff9c5
http://www.cidsanmateo.org,99db9632d7b872a4e5768b29db15743b
http://www.cilncf.org,33801406626c295e8b15a9d32220770f
http://www.thecil.org/,c29187e69afb4b83b2b4df65d32cb0fa
http://www.center4living.org/,4bc8461fe78d0a61b16d110baad81146
http://nurturingchange.org/,a3a97fdedbccc2b7d3de1a77afb182e6
https://cstnet.org,cad53606d504bf9335065973abb46519
http://www.catranslation.org/,4f20b85ce5ebf225720e040314a7966a
http://cerieastbay.org/,3692696fe107aed1afee7d3be57e0de6
https://nurturingchange.org/,a3a97fdedbccc2b7d3de1a77afb182e6
http://www.nurturingchange.org/,a3a97fdedbccc2b7d3de1a77afb182e6
http://www.childrenshospitaloakland.org/main/departments-services/center-for-the-vulnerable-child-8.aspx,c6eac3e480eaafc6777f1ac4db634286
http://www.centeronhalsted.org/,d34673e897ee6541ceb6931595440ccb
http://www.cjcj.org/,5dbd9402e83e249820ce0584c3614d4e
http://www.cpinc.org/,39617a142344d8c62002b9a82950fba8
https://www.centerforce.ngo,ee81f047fb1d0cd69f54c14f958b2e54
http://www.cpcfremont.org/,902ebf4df5f2a1aec9cd1e892793b4e1
https://www.cys-la.org,4f20b85ce5ebf225720e040314a7966a
https://www.centinela.k12.ca.us/,5e7c4c01d8431192c9a1bf8132e41881
https://www.centralamericanlegal.info,ab201910df9e463c62817d1bd51cd047
https://creceeastbay.wordpress.com,b5659a4f6faf5294a562282a5436c3ff
http://www.carecen-la.org,0bcde3615b5c386ba1d54fdd75450c27
http://www.centralcityhealth.org,f879f0095f06011579b79e39c02f1f5a
http://www.laccnp.org/,f38300780e05000ef720831442f634d3
http://www.ccsro.org/,bf3c5cf756e9648a77eb9d0baa3dcee1
http://www.energyservices.org,2faa0a8f01285494813f10a0906a3c1f
http://www.cfcaa.org,5dcbbf449247790c388cf4c0d2526700
http://ewddlacity.com/index.php/employment-services/youth-age-16-24/youthsource-centers,c4474f27518c75cc64fce7f9a4cba392
http://www.adventistdirectory.org/viewEntity.aspx?EntityID=19028,e20b9db83fcd31414a2c61c91c2717e9
http://www.ymcasv.org/central/,129afa3fcded7f114e0f10567ea2966a
http://www.solidaritelesbienne.qc.ca/csl,d3bc832504e375dc701bf081f07487a7
http://www.spanishservices.org,c5e7df8276fd6414b16d79fd2a58936d
http://www.centrocha.org/,5f691e83827ba1af2d2f5c7297a3a100
http://www.cdf-centro.com,30a172e6026b3c73160e8fd73a483c2c
https://centrohispanodefrederick.org/,43bb09b9ddbb52364796e2f98a4a7eba
http://www.centrolatinodesf.org/programs.html,4f20b85ce5ebf225720e040314a7966a
http://www.centrolegal.org/,4f20b85ce5ebf225720e040314a7966a
https://www.ceresproject.org/,4f20b85ce5ebf225720e040314a7966a
https://www.cerritosbaptist.org/,ff0df7789e3ab4b4701994e2d4806598
https://www.cerritos.edu/,d3aee6f4d5a8cb11b0f52075ef08b48e
https://www.cerrocoso.edu/about,2e8bd07da83644cad1af21df90592d6b
http://www.chabadrehab.com/,9fe3cb2b7313dc79bb477bc8fde184a7
http://sanmateo.networkofcare.org/aging/services/agency.aspx?pid=ChadbourneAdultActivityCenter_44_1_0,e6159450b98eac36f7df765abeb0a2da
http://changelanes.org/,320f9dcbf8e2732c6a90c7c2799d1af8
http://www.changetocome.org,6f477ddf740d306a72a86007543cdbf1
http://www.chapcare.org/,586a2a44783b7d623dd6785658c656df
http://www.chapter510.org/,d8e5e6cf41ab399bd33a696998edd8e3
http://www.charitieshousing.org,9fe3cb2b7313dc79bb477bc8fde184a7
http://www.sfccsc.org,d641937f7bdebd1137a854df14b522d5
https://www.cdrewu.edu/community/ClinicalCare/OASIS-Clinic,98cf120f6c19982dfcee9c376579de25
http://www.charlottemaxwell.org,d150e39d9782a0bfff4a8c44a188e33c
https://www.cvillefreeclinic.org/,4c6de311fed8bdcaff0eb40da2927b4f
https://www.cousd.net/,d0c444816536dddd841b31c91a301203
https://www.chasebrexton.org,e9a7181123754c34117fe835e5d324b5
http://www.cherishedhands.org,436bfabc0bff2596f06352564336e3c8
http://www.cherishedhighdesert.com/,d99713639072f6898d2859006f03d51d
https://www.facebook.com/pages/Chez-Bon-Guest-Home,0cccd8b25ed4dc1231647bb813da44a8
http://www.clylp.org/,f9a17e8a31cc84d59db9a0d3f41fd3ba
https://www.chicasrockerassela.org/,40065fcf7d13383d9e8422dac379ae69
http://www.childfamilycenter.org/,600b5a6f2bd62e508a703c7d4d2542c2
http://www.thecapcenter.org/,54b7ddab177896dde5b3641f4dad2de6
https://www.capc-coco.org,903059246d8bc493d7c0a1aed9553dc6
https://wp.childaction.org/,1bc01300ba93090c0b8737eac5a178cd
http://www.childfamilycenter.org,600b5a6f2bd62e508a703c7d4d2542c2
http://www.childguidance.org/,3d811fd8caa4951dd7914f8796763107
http://www.ccala.net/,3edc5be49d8c32fb3c6f16885947f3d4
http://www.childcareaware.org/,1e21c7da8e3c15182f71d1217c4ace40
http://www.sanmateo4cs.org/,efe4f938327f8c0b6aa5e55887f8cb26
http://childcarelaw.org/,cb42185c5e568637f1fbaf7240bfecf6
http://www.ccrcca.org/,2a34b402015ecf93b69d55bc9b7c3276
http://www.ccrcla.org,352ef727d7df6abdce764751607e83b9
https://fairplex.com/fp/events/CDCAuction/fcd_center.html,7be4258ff71a508f55d4f135c5a0b04d
http://www.cdikids.org,4ee5d899fa8ba028ad0d0514929dc782
https://calparents.org/,d524e5c1bad9dd36d62d9bd7d7cc47a2
http://hsa.smcgov.org/child-protective-services,b835bfb4f3fb0f78cdc38389f33cb83b
http://www.childstartinc.org/,9fe3cb2b7313dc79bb477bc8fde184a7
http://www.cfcsinc.org/,fd68ce3c1f0a4c0762d714320057fba6
https://child360.org,f6334fe09b7f978d1ea32e7a97f78795
http://www.chaddnorcal.org,4f20b85ce5ebf225720e040314a7966a
http://www.edline.net/pages/ACPS/Departments_Programs/Departments__G-L_/Homeless_Education,94ddb5d9768b5372dc0452ed249eb3df
https://coregives.org/,019cc531b3c47431305adaf521b32690
https://www.childrenofthenight.org/,13cff2ce53cd348f166afa35e1392a47
http://www.childrentoday.org,3d64d891777d4a4ab7e69c284b11aaad
http://www.cyfcla.org/,a4690c6d11677c969eb83400d0eabd53
https://www.childrensaidnyc.org/,a7eeefab3dce6ccf47c8cad67f14ac64
http://www.childrensbookproject.org,4f20b85ce5ebf225720e040314a7966a
http://www.all4kids.org/,9fe3cb2b7313dc79bb477bc8fde184a7
http://www.ccav.org/,8558c5a07aef273b989bc269e44cea17
http://www.childrenscouncil.org/,9fe3cb2b7313dc79bb477bc8fde184a7
http://creativity.org/,9fe3cb2b7313dc79bb477bc8fde184a7
http://www.cdfca.org/,df55fd53c0cdd00c70b4df944dfc84ee
http://www.cdhc.org,9894eeb2ac4313dadac52ac2b72dde5f
http://www.cdm.org,5666a4dfdfc10e7f30dae1385718397e
https://www.childrensemergencyfoodbank.org/home.html,f7dc736d8bd1ec822b9b9cd6a05fe0cd
http://achieve.lausd.net/champ,b12cf0725ebde524e3ac45a7da734f02
http://www.chconline.org,218f0be3bdc6170fcdb9df58935af8b3
http://www.chs-ca.org/,ba35eb91c8548e81017d4b1c4f285384
http://www.chsfl.org,a316c137785ddf631f29cdf715e48e91
https://www.chla.org/,d4db320a8c40ff5e40d337453a89652e
http://www.chop.edu/centers-programs/refugee-health-program,afb757dfe548c136ddc5acd4124fe860
http://www.childrensinstitute.org/,9fe3cb2b7313dc79bb477bc8fde184a7
https://www.childrensinstitute.org,9fe3cb2b7313dc79bb477bc8fde184a7
http://www.floridahealth.gov/programs-and-services/childrens-health/cms-plan/,cec4325a6b8f97ed2fbabf70ac8f0aaf
http://publichealth.lacounty.gov/cms/,90594cf705ae27a8a4a0161b887e79fb
http://www.networkofcare.org/splash.aspx,5d43ec5b13f7aeb0d379857b8528b377
http://www.childrensvisionfirst.org/,4f20b85ce5ebf225720e040314a7966a
https://www.chsfl.org/services-solutions/,9178d53292ee5728d51f293a71151599
http://www.chori.org/,6798e8d0b35762b13a9826f8cf150313
http://www.childrencenter.org/,9d49528198047897d693693810d1bb8a
http://www.chinatowncdc.org/,b701208004319b48e9478b16a6499a00
https://link-sf.com/locations/3e74fe4861,abe55a3f5a1ffa9a84a5b7d0a85a7ff3
http://www.sfhealthnetwork.org/primary-care-3/chinatown-public-health-center/,6f3d56cf6412f07a35f8f9a3195bb850
http://www.cscla.org,ea801769606846949f2482c5c40edb84
http://www.cchcsf.org,5ae8506c4fc4a4809f6166b8f464041d
https://foodoasis.la/food-pantry/chinese-community-service-center/,4f20b85ce5ebf225720e040314a7966a
http://www.caasf.org,21f69c096904bee80ef490fdab00d90b
https://www.chinesehospital-sf.org,017390840a3c8deed4459e3fb55008a0
http://www.chinesenewcomers.org/,b686da7b66f2cc3f38564a00c1d87b43
http://www.cpasf.org,58772c5c06d9756c55f1bf995a21dcd7
https://www.cpc-nyc.org/,d2a3e3793bba36b7b9897c5b91a87d30
http://chloescloset.com/,0d485dc0d55b1d350327b737007e2c40
http://choiceinaging.org/,ee638f9282d99a6583058577956b2e77
http://www.choices4children.org,2d5139959d162cf17d50d19acd10405c
https://choicescenter.org/,cc5eb242d1c2aaa18c4866a7ff079a91
https://www.facebook.com/Christ-Gospel-Prayer-Center-382768635208286/,57c5157c738bb1b14ea7077efced6656
https://meetchrist.org/,d39ccdeb2dbe14522367c2319e7a879f
http://christthegoodshepherdchurch.ladiocese.org/#,e4bf65f04cc64d8a984d94d9a536439d
http://www.cccsanjose.com/,fbc421db7b642d9c3e0a1b9e66882ac1
http://www.christiancounselingcenters.org/,1f5019d638d380743d10e18850f2ceb2
http://www.christianhelpcenter.org/,b3e6e3634bdeb14524668b37ef711adc
